<?xml version="1.0" encoding="UTF-8" standalone="yes"?>
<addon id="repository.PEDROCCAPEDROCCAPLAYREPO" name="PEDROCCAPLAY REPO" version="1.0" provider-name="PEDROCCA PLAY">
    <extension point="xbmc.addon.repository" name="Nome Repository">
        <dir>
            <info compressed="false">https://raw.githubusercontent.com/PEDROCCA/PEDROCCAPLAYREPO/master/zips/addons.xml</info>
            <checksum>https://raw.githubusercontent.com/PEDROCCA/PEDROCCAPLAYREPO/master/zips/addons.xml.md5</checksum>
            <datadir zip="true">https://raw.githubusercontent.com/PEDROCCA/PEDROCCAPLAYREPO/master/zips/</datadir>
        </dir>
    </extension>
    <extension point="xbmc.addon.metadata">
        <summary>REPO DO PEDROCCA PLAY</summary>
        <description>COMEÇO DE UM SONHO INSTA @pedrocca_1609</description>
        <disclaimer></disclaimer>
        <platform>all</platform>
        <assets>
            <icon>icon.png</icon>
            <fanart>fanart.jpg</fanart>
        </assets>
    </extension>
</addon>